Workbook

Sheet Assumptions
A1: Parameter | B1: Value | C1: Meaning
A2: Efficiency | B2: 0.65 | C2: Fraction of ideal mining/travel throughput
A3: Travel seconds | B3: 10 | C3: Per full backpack trip
A4: Rank growth | B4: 1.34 | C4: After first transition
A5: First rank cost | B5: 900 | C5: A to B
A6: Second rank cost | B6: 1800 | C6: B to C
A7: Ore tier growth | B7: 1.2 | C7: Floor each ore value separately
A8: Rank bonus | B8: 0.08 | C8: Additive per rank
A9: Prestige bonus | B9: 0.2 | C9: Additive per prestige
A10: Prestige cap | B10: 5 | C10: Maximum prestige multiplier
A11: Base prestige money | B11: 120000 | C11: Additional goal at Z
A12: Prestige goal growth | B12: 0.25 | C12: Additional requirement per completed cycle
A13: Tokens per prestige | B13: 10 | C13: Before token pass

Sheet Blocks
A1: Ore | B1: Weight | C1: Base value | D1: Health
A2: Chalk | B2: 0.7 | C2: 1 | D2: 1
A3: Copper | B3: 0.25 | C3: 3 | D3: 2
A4: Glowstone | B4: 0.05 | C4: 8 | D4: 3

Sheet Equipment
A1: Pick | B1: Cost | C1: Damage | D1: Interval | E1: Bag capacity | F1: Bag cost
A2: Yard | B2: 0 | C2: 1 | D2: 0.45 | E2: 30 | F2: 0
A3: Trusty | B3: 180 | C3: 2 | D3: 0.38 | E3: 60 | F3: 150
A4: Workshop | B4: 800 | C4: 3 | D4: 0.3 | E4: 120 | F4: 650
A5: Foreman | B5: 4500 | C5: 5 | D5: 0.24 | E5: 240 | F5: 2500
A6: - | B6: 0 | C6: 0 | D6: 0 | E6: 480 | F6: 10000

Sheet Ranks
A1: Rank | B1: Tier | C1: Pick tier | D1: Bag tier | E1: Weighted ore value | F1: Hits per unit | G1: Units/sec | H1: Bag capacity | I1: Money/min | J1: Rank cost | K1: Upgrade spend | L1: Minutes to goal | M1: Cumulative minutes
A2: A | B2: 1 | C2: 1 | D2: 1 | E2: =SUMPRODUCT(Blocks!$B$2:$B$4,INT(Blocks!$C$2:$C$4*Assumptions!$B$7^(B2-1))) -> 1.85 | F2: =SUMPRODUCT(Blocks!$B$2:$B$4,ROUNDUP(Blocks!$D$2:$D$4/INDEX(Equipment!$C$2:$C$5,C2),0)) -> 1.35 | G2: =1/(F2*INDEX(Equipment!$D$2:$D$5,C2)) -> 1.6460905 | H2: =INDEX(Equipment!$E$2:$E$6,D2) -> 30 | I2: =H2*E2*(1+(B2-1)*Assumptions!$B$8)/(H2/G2+Assumptions!$B$3)*60*Assumptions!$B$2 -> 76.687334 | J2: =IF(B2=26,Assumptions!$B$11,IF(B2=1,Assumptions!$B$5,INT(Assumptions!$B$6*Assumptions!$B$4^(B2-2)))) -> 900 | K2: =IF(B2=1,0,IF(C2>C1,INDEX(Equipment!$B$2:$B$5,C2),0)+IF(D2>D1,INDEX(Equipment!$F$2:$F$6,D2),0)) -> 0 | L2: =(J2+K2)/I2 -> 11.735967 | M2: =SUM(L$2:L2) -> 11.735967
A3: B | B3: 2 | C3: 2 | D3: 2 | E3: =SUMPRODUCT(Blocks!$B$2:$B$4,INT(Blocks!$C$2:$C$4*Assumptions!$B$7^(B3-1))) -> 1.9 | F3: =SUMPRODUCT(Blocks!$B$2:$B$4,ROUNDUP(Blocks!$D$2:$D$4/INDEX(Equipment!$C$2:$C$5,C3),0)) -> 1.05 | G3: =1/(F3*INDEX(Equipment!$D$2:$D$5,C3)) -> 2.5062657 | H3: =INDEX(Equipment!$E$2:$E$6,D3) -> 60 | I3: =H3*E3*(1+(B3-1)*Assumptions!$B$8)/(H3/G3+Assumptions!$B$3)*60*Assumptions!$B$2 -> 141.47555 | J3: =IF(B3=26,Assumptions!$B$11,IF(B3=1,Assumptions!$B$5,INT(Assumptions!$B$6*Assumptions!$B$4^(B3-2)))) -> 1800 | K3: =IF(B3=1,0,IF(C3>C2,INDEX(Equipment!$B$2:$B$5,C3),0)+IF(D3>D2,INDEX(Equipment!$F$2:$F$6,D3),0)) -> 330 | L3: =(J3+K3)/I3 -> 15.055606 | M3: =SUM(L$2:L3) -> 26.791572
A4: C | B4: 3 | C4: 3 | D4: 3 | E4: =SUMPRODUCT(Blocks!$B$2:$B$4,INT(Blocks!$C$2:$C$4*Assumptions!$B$7^(B4-1))) -> 2.25 | F4: =SUMPRODUCT(Blocks!$B$2:$B$4,ROUNDUP(Blocks!$D$2:$D$4/INDEX(Equipment!$C$2:$C$5,C4),0)) -> 1 | G4: =1/(F4*INDEX(Equipment!$D$2:$D$5,C4)) -> 3.3333333 | H4: =INDEX(Equipment!$E$2:$E$6,D4) -> 120 | I4: =H4*E4*(1+(B4-1)*Assumptions!$B$8)/(H4/G4+Assumptions!$B$3)*60*Assumptions!$B$2 -> 265.53913 | J4: =IF(B4=26,Assumptions!$B$11,IF(B4=1,Assumptions!$B$5,INT(Assumptions!$B$6*Assumptions!$B$4^(B4-2)))) -> 2412 | K4: =IF(B4=1,0,IF(C4>C3,INDEX(Equipment!$B$2:$B$5,C4),0)+IF(D4>D3,INDEX(Equipment!$F$2:$F$6,D4),0)) -> 1450 | L4: =(J4+K4)/I4 -> 14.543996 | M4: =SUM(L$2:L4) -> 41.335568
A5: D | B5: 4 | C5: 4 | D5: 4 | E5: =SUMPRODUCT(Blocks!$B$2:$B$4,INT(Blocks!$C$2:$C$4*Assumptions!$B$7^(B5-1))) -> 2.6 | F5: =SUMPRODUCT(Blocks!$B$2:$B$4,ROUNDUP(Blocks!$D$2:$D$4/INDEX(Equipment!$C$2:$C$5,C5),0)) -> 1 | G5: =1/(F5*INDEX(Equipment!$D$2:$D$5,C5)) -> 4.1666667 | H5: =INDEX(Equipment!$E$2:$E$6,D5) -> 240 | I5: =H5*E5*(1+(B5-1)*Assumptions!$B$8)/(H5/G5+Assumptions!$B$3)*60*Assumptions!$B$2 -> 446.4 | J5: =IF(B5=26,Assumptions!$B$11,IF(B5=1,Assumptions!$B$5,INT(Assumptions!$B$6*Assumptions!$B$4^(B5-2)))) -> 3232 | K5: =IF(B5=1,0,IF(C5>C4,INDEX(Equipment!$B$2:$B$5,C5),0)+IF(D5>D4,INDEX(Equipment!$F$2:$F$6,D5),0)) -> 7000 | L5: =(J5+K5)/I5 -> 22.921147 | M5: =SUM(L$2:L5) -> 64.256715
A6: E | B6: 5 | C6: 4 | D6: 5 | E6: =SUMPRODUCT(Blocks!$B$2:$B$4,INT(Blocks!$C$2:$C$4*Assumptions!$B$7^(B6-1))) -> 3.7 | F6: =SUMPRODUCT(Blocks!$B$2:$B$4,ROUNDUP(Blocks!$D$2:$D$4/INDEX(Equipment!$C$2:$C$5,C6),0)) -> 1 | G6: =1/(F6*INDEX(Equipment!$D$2:$D$5,C6)) -> 4.1666667 | H6: =INDEX(Equipment!$E$2:$E$6,D6) -> 480 | I6: =H6*E6*(1+(B6-1)*Assumptions!$B$8)/(H6/G6+Assumptions!$B$3)*60*Assumptions!$B$2 -> 730.25942 | J6: =IF(B6=26,Assumptions!$B$11,IF(B6=1,Assumptions!$B$5,INT(Assumptions!$B$6*Assumptions!$B$4^(B6-2)))) -> 4330 | K6: =IF(B6=1,0,IF(C6>C5,INDEX(Equipment!$B$2:$B$5,C6),0)+IF(D6>D5,INDEX(Equipment!$F$2:$F$6,D6),0)) -> 10000 | L6: =(J6+K6)/I6 -> 19.623163 | M6: =SUM(L$2:L6) -> 83.879878
A7: F | B7: 6 | C7: 4 | D7: 5 | E7: =SUMPRODUCT(Blocks!$B$2:$B$4,INT(Blocks!$C$2:$C$4*Assumptions!$B$7^(B7-1))) -> 4.1 | F7: =SUMPRODUCT(Blocks!$B$2:$B$4,ROUNDUP(Blocks!$D$2:$D$4/INDEX(Equipment!$C$2:$C$5,C7),0)) -> 1 | G7: =1/(F7*INDEX(Equipment!$D$2:$D$5,C7)) -> 4.1666667 | H7: =INDEX(Equipment!$E$2:$E$6,D7) -> 480 | I7: =H7*E7*(1+(B7-1)*Assumptions!$B$8)/(H7/G7+Assumptions!$B$3)*60*Assumptions!$B$2 -> 858.2492 | J7: =IF(B7=26,Assumptions!$B$11,IF(B7=1,Assumptions!$B$5,INT(Assumptions!$B$6*Assumptions!$B$4^(B7-2)))) -> 5803 | K7: =IF(B7=1,0,IF(C7>C6,INDEX(Equipment!$B$2:$B$5,C7),0)+IF(D7>D6,INDEX(Equipment!$F$2:$F$6,D7),0)) -> 0 | L7: =(J7+K7)/I7 -> 6.7614394 | M7: =SUM(L$2:L7) -> 90.641318
A8: G | B8: 7 | C8: 4 | D8: 5 | E8: =SUMPRODUCT(Blocks!$B$2:$B$4,INT(Blocks!$C$2:$C$4*Assumptions!$B$7^(B8-1))) -> 4.55 | F8: =SUMPRODUCT(Blocks!$B$2:$B$4,ROUNDUP(Blocks!$D$2:$D$4/INDEX(Equipment!$C$2:$C$5,C8),0)) -> 1 | G8: =1/(F8*INDEX(Equipment!$D$2:$D$5,C8)) -> 4.1666667 | H8: =INDEX(Equipment!$E$2:$E$6,D8) -> 480 | I8: =H8*E8*(1+(B8-1)*Assumptions!$B$8)/(H8/G8+Assumptions!$B$3)*60*Assumptions!$B$2 -> 1006.8728 | J8: =IF(B8=26,Assumptions!$B$11,IF(B8=1,Assumptions!$B$5,INT(Assumptions!$B$6*Assumptions!$B$4^(B8-2)))) -> 7776 | K8: =IF(B8=1,0,IF(C8>C7,INDEX(Equipment!$B$2:$B$5,C8),0)+IF(D8>D7,INDEX(Equipment!$F$2:$F$6,D8),0)) -> 0 | L8: =(J8+K8)/I8 -> 7.7229216 | M8: =SUM(L$2:L8) -> 98.364239
A9: H | B9: 8 | C9: 4 | D9: 5 | E9: =SUMPRODUCT(Blocks!$B$2:$B$4,INT(Blocks!$C$2:$C$4*Assumptions!$B$7^(B9-1))) -> 6 | F9: =SUMPRODUCT(Blocks!$B$2:$B$4,ROUNDUP(Blocks!$D$2:$D$4/INDEX(Equipment!$C$2:$C$5,C9),0)) -> 1 | G9: =1/(F9*INDEX(Equipment!$D$2:$D$5,C9)) -> 4.1666667 | H9: =INDEX(Equipment!$E$2:$E$6,D9) -> 480 | I9: =H9*E9*(1+(B9-1)*Assumptions!$B$8)/(H9/G9+Assumptions!$B$3)*60*Assumptions!$B$2 -> 1399.5144 | J9: =IF(B9=26,Assumptions!$B$11,IF(B9=1,Assumptions!$B$5,INT(Assumptions!$B$6*Assumptions!$B$4^(B9-2)))) -> 10420 | K9: =IF(B9=1,0,IF(C9>C8,INDEX(Equipment!$B$2:$B$5,C9),0)+IF(D9>D8,INDEX(Equipment!$F$2:$F$6,D9),0)) -> 0 | L9: =(J9+K9)/I9 -> 7.4454398 | M9: =SUM(L$2:L9) -> 105.80968
A10: I | B10: 9 | C10: 4 | D10: 5 | E10: =SUMPRODUCT(Blocks!$B$2:$B$4,INT(Blocks!$C$2:$C$4*Assumptions!$B$7^(B10-1))) -> 7.5 | F10: =SUMPRODUCT(Blocks!$B$2:$B$4,ROUNDUP(Blocks!$D$2:$D$4/INDEX(Equipment!$C$2:$C$5,C10),0)) -> 1 | G10: =1/(F10*INDEX(Equipment!$D$2:$D$5,C10)) -> 4.1666667 | H10: =INDEX(Equipment!$E$2:$E$6,D10) -> 480 | I10: =H10*E10*(1+(B10-1)*Assumptions!$B$8)/(H10/G10+Assumptions!$B$3)*60*Assumptions!$B$2 -> 1839.1054 | J10: =IF(B10=26,Assumptions!$B$11,IF(B10=1,Assumptions!$B$5,INT(Assumptions!$B$6*Assumptions!$B$4^(B10-2)))) -> 13963 | K10: =IF(B10=1,0,IF(C10>C9,INDEX(Equipment!$B$2:$B$5,C10),0)+IF(D10>D9,INDEX(Equipment!$F$2:$F$6,D10),0)) -> 0 | L10: =(J10+K10)/I10 -> 7.5922782 | M10: =SUM(L$2:L10) -> 113.40196
A11: J | B11: 10 | C11: 4 | D11: 5 | E11: =SUMPRODUCT(Blocks!$B$2:$B$4,INT(Blocks!$C$2:$C$4*Assumptions!$B$7^(B11-1))) -> 9.3 | F11: =SUMPRODUCT(Blocks!$B$2:$B$4,ROUNDUP(Blocks!$D$2:$D$4/INDEX(Equipment!$C$2:$C$5,C11),0)) -> 1 | G11: =1/(F11*INDEX(Equipment!$D$2:$D$5,C11)) -> 4.1666667 | H11: =INDEX(Equipment!$E$2:$E$6,D11) -> 480 | I11: =H11*E11*(1+(B11-1)*Assumptions!$B$8)/(H11/G11+Assumptions!$B$3)*60*Assumptions!$B$2 -> 2391.7342 | J11: =IF(B11=26,Assumptions!$B$11,IF(B11=1,Assumptions!$B$5,INT(Assumptions!$B$6*Assumptions!$B$4^(B11-2)))) -> 18711 | K11: =IF(B11=1,0,IF(C11>C10,INDEX(Equipment!$B$2:$B$5,C11),0)+IF(D11>D10,INDEX(Equipment!$F$2:$F$6,D11),0)) -> 0 | L11: =(J11+K11)/I11 -> 7.8231938 | M11: =SUM(L$2:L11) -> 121.22515
A12: K | B12: 11 | C12: 4 | D12: 5 | E12: =SUMPRODUCT(Blocks!$B$2:$B$4,INT(Blocks!$C$2:$C$4*Assumptions!$B$7^(B12-1))) -> 11.15 | F12: =SUMPRODUCT(Blocks!$B$2:$B$4,ROUNDUP(Blocks!$D$2:$D$4/INDEX(Equipment!$C$2:$C$5,C12),0)) -> 1 | G12: =1/(F12*INDEX(Equipment!$D$2:$D$5,C12)) -> 4.1666667 | H12: =INDEX(Equipment!$E$2:$E$6,D12) -> 480 | I12: =H12*E12*(1+(B12-1)*Assumptions!$B$8)/(H12/G12+Assumptions!$B$3)*60*Assumptions!$B$2 -> 3000.8818 | J12: =IF(B12=26,Assumptions!$B$11,IF(B12=1,Assumptions!$B$5,INT(Assumptions!$B$6*Assumptions!$B$4^(B12-2)))) -> 25073 | K12: =IF(B12=1,0,IF(C12>C11,INDEX(Equipment!$B$2:$B$5,C12),0)+IF(D12>D11,INDEX(Equipment!$F$2:$F$6,D12),0)) -> 0 | L12: =(J12+K12)/I12 -> 8.3552108 | M12: =SUM(L$2:L12) -> 129.58036
A13: L | B13: 12 | C13: 4 | D13: 5 | E13: =SUMPRODUCT(Blocks!$B$2:$B$4,INT(Blocks!$C$2:$C$4*Assumptions!$B$7^(B13-1))) -> 13.35 | F13: =SUMPRODUCT(Blocks!$B$2:$B$4,ROUNDUP(Blocks!$D$2:$D$4/INDEX(Equipment!$C$2:$C$5,C13),0)) -> 1 | G13: =1/(F13*INDEX(Equipment!$D$2:$D$5,C13)) -> 4.1666667 | H13: =INDEX(Equipment!$E$2:$E$6,D13) -> 480 | I13: =H13*E13*(1+(B13-1)*Assumptions!$B$8)/(H13/G13+Assumptions!$B$3)*60*Assumptions!$B$2 -> 3752.6722 | J13: =IF(B13=26,Assumptions!$B$11,IF(B13=1,Assumptions!$B$5,INT(Assumptions!$B$6*Assumptions!$B$4^(B13-2)))) -> 33598 | K13: =IF(B13=1,0,IF(C13>C12,INDEX(Equipment!$B$2:$B$5,C13),0)+IF(D13>D12,INDEX(Equipment!$F$2:$F$6,D13),0)) -> 0 | L13: =(J13+K13)/I13 -> 8.9530868 | M13: =SUM(L$2:L13) -> 138.53345
... A27: Z | B27: 26 | C27: 4 | D27: 5 | E27: =SUMPRODUCT(Blocks!$B$2:$B$4,INT(Blocks!$C$2:$C$4*Assumptions!$B$7^(B27-1))) -> 176.15 | F27: =SUMPRODUCT(Blocks!$B$2:$B$4,ROUNDUP(Blocks!$D$2:$D$4/INDEX(Equipment!$C$2:$C$5,C27),0)) -> 1 | G27: =1/(F27*INDEX(Equipment!$D$2:$D$5,C27)) -> 4.1666667 | H27: =INDEX(Equipment!$E$2:$E$6,D27) -> 480 | I27: =H27*E27*(1+(B27-1)*Assumptions!$B$8)/(H27/G27+Assumptions!$B$3)*60*Assumptions!$B$2 -> 79014.249 | J27: =IF(B27=26,Assumptions!$B$11,IF(B27=1,Assumptions!$B$5,INT(Assumptions!$B$6*Assumptions!$B$4^(B27-2)))) -> 120000 | K27: =IF(B27=1,0,IF(C27>C26,INDEX(Equipment!$B$2:$B$5,C27),0)+IF(D27>D26,INDEX(Equipment!$F$2:$F$6,D27),0)) -> 0 | L27: =(J27+K27)/I27 -> 1.5187134 | M27: =SUM(L$2:L27) -> 340.46374

Sheet Scenarios
A1: Scenario | B1: Money pass | C1: Boost | D1: Social/event | E1: Prestige multiplier | F1: Estimated hours
A2: Free first prestige | B2: 1 | C2: 1 | D2: 1 | E2: 1 | F2: =Ranks!M27/60/PRODUCT(B2:E2) -> 5.6743956
A3: Money pass | B3: 2 | C3: 1 | D3: 1 | E3: 1 | F3: =Ranks!M27/60/PRODUCT(B3:E3) -> 2.8371978
A4: Pass + boost | B4: 2 | C4: 2 | D4: 1 | E4: 1 | F4: =Ranks!M27/60/PRODUCT(B4:E4) -> 1.4185989
A5: All reward factors | B5: 2 | C5: 2 | D5: 2.15 | E5: 5 | F5: =Ranks!M27/60/PRODUCT(B5:E5) -> 0.13196269

Sheet Prestige
A1: Cycle | B1: Previous prestiges | C1: Permanent multiplier | D1: Money goal at Z | E1: Estimated cycle hours | F1: Tokens
A2: 1 | B2: 0 | C2: =MIN(Assumptions!$B$10,1+B2*Assumptions!$B$9) -> 1 | D2: =INT(Assumptions!$B$11*(1+B2*Assumptions!$B$12)) -> 120000 | E2: =(Ranks!M26+D2/Ranks!I27)/C2/60 -> 5.6743956 | F2: =Assumptions!$B$13 -> 10
A3: 2 | B3: 1 | C3: =MIN(Assumptions!$B$10,1+B3*Assumptions!$B$9) -> 1.2 | D3: =INT(Assumptions!$B$11*(1+B3*Assumptions!$B$12)) -> 150000 | E3: =(Ranks!M26+D3/Ranks!I27)/C3/60 -> 4.7339363 | F3: =Assumptions!$B$13 -> 10
A4: 3 | B4: 2 | C4: =MIN(Assumptions!$B$10,1+B4*Assumptions!$B$9) -> 1.4 | D4: =INT(Assumptions!$B$11*(1+B4*Assumptions!$B$12)) -> 180000 | E4: =(Ranks!M26+D4/Ranks!I27)/C4/60 -> 4.0621797 | F4: =Assumptions!$B$13 -> 10
A5: 4 | B5: 3 | C5: =MIN(Assumptions!$B$10,1+B5*Assumptions!$B$9) -> 1.6 | D5: =INT(Assumptions!$B$11*(1+B5*Assumptions!$B$12)) -> 210000 | E5: =(Ranks!M26+D5/Ranks!I27)/C5/60 -> 3.5583622 | F5: =Assumptions!$B$13 -> 10
A6: 5 | B6: 4 | C6: =MIN(Assumptions!$B$10,1+B6*Assumptions!$B$9) -> 1.8 | D6: =INT(Assumptions!$B$11*(1+B6*Assumptions!$B$12)) -> 240000 | E6: =(Ranks!M26+D6/Ranks!I27)/C6/60 -> 3.1665042 | F6: =Assumptions!$B$13 -> 10
A7: 6 | B7: 5 | C7: =MIN(Assumptions!$B$10,1+B7*Assumptions!$B$9) -> 2 | D7: =INT(Assumptions!$B$11*(1+B7*Assumptions!$B$12)) -> 270000 | E7: =(Ranks!M26+D7/Ranks!I27)/C7/60 -> 2.8530177 | F7: =Assumptions!$B$13 -> 10
A8: 7 | B8: 6 | C8: =MIN(Assumptions!$B$10,1+B8*Assumptions!$B$9) -> 2.2 | D8: =INT(Assumptions!$B$11*(1+B8*Assumptions!$B$12)) -> 300000 | E8: =(Ranks!M26+D8/Ranks!I27)/C8/60 -> 2.5965288 | F8: =Assumptions!$B$13 -> 10
A9: 8 | B9: 7 | C9: =MIN(Assumptions!$B$10,1+B9*Assumptions!$B$9) -> 2.4 | D9: =INT(Assumptions!$B$11*(1+B9*Assumptions!$B$12)) -> 330000 | E9: =(Ranks!M26+D9/Ranks!I27)/C9/60 -> 2.3827881 | F9: =Assumptions!$B$13 -> 10
A10: 9 | B10: 8 | C10: =MIN(Assumptions!$B$10,1+B10*Assumptions!$B$9) -> 2.6 | D10: =INT(Assumptions!$B$11*(1+B10*Assumptions!$B$12)) -> 360000 | E10: =(Ranks!M26+D10/Ranks!I27)/C10/60 -> 2.2019305 | F10: =Assumptions!$B$13 -> 10
A11: 10 | B11: 9 | C11: =MIN(Assumptions!$B$10,1+B11*Assumptions!$B$9) -> 2.8 | D11: =INT(Assumptions!$B$11*(1+B11*Assumptions!$B$12)) -> 390000 | E11: =(Ranks!M26+D11/Ranks!I27)/C11/60 -> 2.0469098 | F11: =Assumptions!$B$13 -> 10

Sheet Token shop
A1: Upgrade | B1: Base cost | C1: Level cap | D1: Pricing | E1: Effect
A2: Fortune | B2: 5 | C2: 5 | D2: base * next level | E2: 8% bonus-unit chance/level
A3: Chain | B3: 8 | C3: 5 | D3: base * next level | E3: +1 adjacent block/level
A4: Burst | B4: 12 | C4: 5 | D4: base * next level | E4: Extra bounded radius targets
A5: Capacity | B5: 5 | C5: 5 | D5: base * next level | E5: +15 base capacity/level
A6: Skin | B6: 10 | C6: 1 | D6: fixed | E6: Gold blade cosmetic
A7: Pet | B7: 15 | C7: 1 | D7: fixed | E7: Local cosmetic buddy

Sheet Read me
A1: Notes
A2: Design estimates, not playtest results. Yellow assumption cells are editable.
A3: Cached values correspond to the shipped Config at generation; Excel recalculates formulas on open.
A4: Ranks sheet assumes one mine per rank (expanded mode), no Fortune and no boosts.
A5: Default prototype has one tier-1 mine; its B-to-C income is lower than the expanded model.
A6: Equipment advances one tier each rank until max; upgrade spend is included in that rank goal.
A7: Travel and efficiency dominate timing. Real upgrade order and shared-mine contention change results.
A8: Prestige estimates exclude retained token-upgrade acceleration; treat later-cycle timing as conservative.
A9: All-factor scenario assumes bonuses last the entire cycle; it is a bound, not expected behaviour.
A10: Currency sources/sinks and reset rules are detailed in 01-game-design-doc.md.
A11: Verify receipt handling, current monetization rules and actual prices on Creator Hub before launch.
